,name,mass spec,KEGG id,PubChem id,known,1,2,3,4,5,6,7,8,9,10,11,12,13,14,15,16,17,18,19,20
1,xylulose,85:50478.0 86:26971.0 87:60214.0 88:65762.0 89:889536.0 90:70889.0 91:33612.0 92:1389.0 93:397.0 94:6394.0 95:3565.0 96:9083.0 97:4540.0 98:17171.0 99:29214.0 100:95461.0 101:192842.0 102:61420.0 103:1324868.0 104:125156.0 105:124438.0 106:8897.0 107:2342.0 108:214.0 109:1369.0 110:8960.0 111:8879.0 112:13280.0 113:33609.0 114:148161.0 115:86346.0 116:63567.0 117:1682104.0 118:167041.0 119:142609.0 120:12974.0 121:5297.0 123:18.0 124:1696.0 125:2523.0 126:65479.0 127:6512.0 128:33222.0 129:119716.0 130:43257.0 131:180464.0 132:34280.0 133:625216.0 134:63330.0 135:39040.0 136:3818.0 137:554.0 138:1308.0 139:1497.0 140:10891.0 141:7192.0 142:166365.0 143:49980.0 144:21165.0 145:21776.0 146:8380.0 147:2673320.0 148:499842.0 149:237806.0 150:27364.0 151:10099.0 152:4774.0 153:2195.0 154:44339.0 155:8160.0 156:31589.0 157:22742.0 158:30682.0 159:33156.0 160:9400.0 161:9291.0 162:2883.0 163:89043.0 164:13809.0 165:5908.0 166:3316.0 167:2610.0 168:14716.0 169:4474.0 170:12552.0 171:4639.0 172:97406.0 173:875845.0 174:135001.0 175:65843.0 176:11837.0 177:34580.0 178:6777.0 179:4638.0 180:1825.0 181:1818.0 182:4265.0 183:2364.0 184:11244.0 185:5057.0 186:16524.0 187:8925.0 188:17743.0 189:67056.0 190:19334.0 191:40885.0 192:8884.0 193:4057.0 194:740.0 195:318.0 197:1005.0 198:12411.0 199:2132.0 200:18545.0 201:66204.0 202:59298.0 203:26269.0 204:74913.0 205:1007471.0 206:190626.0 207:110425.0 208:15518.0 209:4578.0 210:653.0 211:839.0 213:1067.0 214:20303.0 215:5905.0 216:33873.0 217:106805.0 218:29030.0 219:17069.0 220:4476.0 221:27731.0 222:6302.0 223:3294.0 224:1955.0 225:1371.0 226:2031.0 227:1465.0 228:10520.0 229:4173.0 230:12161.0 231:17680.0 232:28951.0 233:9427.0 234:1092.0 235:2470.0 236:788.0 237:1122.0 239:26.0 240:7446.0 241:2405.0 242:7904.0 243:2968.0 244:9448.0 245:3580.0 246:8470.0 247:3110.0 248:2692.0 249:1337.0 250:178.0 251:656.0 252:54.0 254:71.0 255:108.0 256:8814.0 257:2784.0 258:3216.0 259:709.0 260:7728.0 261:2943.0 262:28066.0 263:397969.0 264:87584.0 265:39425.0 266:6485.0 267:860.0 269:532.0 270:87.0 271:235.0 272:3108.0 273:1085.0 274:5697.0 275:2052.0 276:1676.0 277:3183.0 278:1114.0 279:530.0 280:157.0 282:27.0 284:8.0 285:27.0 286:695.0 287:1948.0 288:27357.0 289:7598.0 290:5016.0 291:10635.0 292:3877.0 293:1848.0 294:866.0 295:10.0 297:126.0 300:182.0 301:262.0 302:3844.0 303:1365.0 304:2708.0 305:1755.0 306:1267.0 307:4049.0 308:1167.0 309:738.0 310:280.0 311:128.0 312:180.0 313:18.0 314:317.0 315:166.0 316:1911.0 317:953.0 318:7048.0 319:3249.0 320:1196.0 321:587.0 322:157.0 323:105.0 324:73.0 326:15.0 328:137.0 329:39.0 330:3203.0 331:2989.0 332:4447.0 333:12728.0 334:11246.0 335:6635.0 336:5284.0 337:1725.0 338:644.0 339:225.0 340:28.0 341:143.0 344:114.0 345:308.0 346:3330.0 347:1664.0 348:1022.0 349:176.0 350:62.0 351:16.0 352:89.0 353:93.0 354:156.0 360:5.0 361:202.0 362:6209.0 363:3192.0 364:29734.0 365:10767.0 366:5039.0 367:1129.0 368:260.0 372:86.0 373:50.0 374:35.0 375:122.0 376:102.0 377:113.0 378:96.0 379:103.0 381:2.0 385:95.0 386:57.0 387:9.0 389:38.0 390:947.0 391:2764.0 392:987.0 393:281.0 394:194.0 395:49.0 397:44.0 398:62.0 401:31.0 402:51.0 403:3.0 404:44.0 405:30.0 406:57.0 407:48.0 410:317.0 411:4277.0 412:1691.0 413:508.0 414:162.0 416:65.0 419:22.0 420:574.0 421:1850.0 422:1408.0 423:638.0 424:205.0 425:50.0 430:42.0 432:14.0 433:21.0 435:141.0 436:1299.0 437:737.0 438:352.0 439:125.0 440:23.0 444:18.0 446:22.0 447:2.0 449:6.0 451:357.0 452:5242.0 453:2462.0 454:1102.0 455:328.0 456:86.0 458:22.0 460:2.0 462:10.0 465:170.0 466:413.0 467:4056.0 468:2524.0 469:1006.0 470:400.0 471:27.0 472:46.0 474:7.0 475:27.0 476:27.0 477:19.0 479:16.0 482:32.0 483:14.0 484:7.0 487:36.0 488:43.0 490:5.0 493:3.0 499:2.0 500:13.0,C00310,5289590,1,1,1,1,1,1,1,1,1,1,1,1,1,1,1,1,1,1,1,1,1
2,xylonic acid,85:28.0 86:42.0 87:160.0 88:46.0 92:536.0 100:64.0 102:528.0 103:5719.0 104:590.0 105:262.0 106:16.0 107:50.0 113:69.0 115:106.0 117:105.0 119:25.0 127:5.0 129:1430.0 130:616.0 131:499.0 132:45.0 133:723.0 134:147.0 135:9.0 142:5.0 143:682.0 146:39.0 147:4256.0 148:602.0 149:410.0 150:11.0 157:441.0 158:15.0 171:101.0 184:11.0 189:161.0 190:28.0 191:227.0 192:11.0 203:5.0 204:13.0 205:54.0 207:54.0 217:2165.0 218:293.0 219:182.0 220:13.0 221:190.0 222:9.0 223:2.0 229:10.0 231:139.0 232:2.0 245:36.0 259:3.0 277:54.0 278:1.0 291:3.0 292:1065.0 293:192.0 294:72.0 303:1.0 305:37.0 306:12.0 307:296.0 308:70.0 309:17.0 310:2.0 319:73.0 320:2.0 326:1.0 333:706.0 334:166.0 335:73.0 336:1.0 338:1.0 341:1.0 347:3.0 393:19.0 421:2.0 458:1.0 461:1.0 484:2.0 487:1.0,n/a,6602431,1,2,2,2,2,2,2,2,2,2,2,2,1,1,1,1,1,1,1,1,1
3,xanthine,85:1361.0 86:1949.0 87:1097.0 88:295.0 89:217.0 90:23.0 91:133.0 92:37.0 93:220.0 94:161.0 95:474.0 96:313.0 97:308.0 98:1034.0 99:1344.0 100:9058.0 101:1448.0 102:790.0 103:1246.0 104:136.0 105:553.0 106:84.0 107:185.0 108:89.0 109:66.0 110:385.0 111:884.0 112:276.0 113:509.0 114:366.0 115:982.0 116:774.0 117:2321.0 118:354.0 119:362.0 120:43.0 121:60.0 122:89.0 123:151.0 124:264.0 125:445.0 126:310.0 127:376.0 128:710.0 129:279.0 130:940.0 131:6209.0 132:1612.0 133:2889.0 134:444.0 135:239.0 136:115.0 137:104.0 138:161.0 139:252.0 140:214.0 141:343.0 142:512.0 143:417.0 144:556.0 145:165.0 146:96.0 147:26878.0 148:4296.0 149:2290.0 150:321.0 151:206.0 152:228.0 153:256.0 154:152.0 155:213.0 156:385.0 157:700.0 158:4194.0 159:771.0 160:428.0 161:137.0 162:26.0 163:16.0 164:122.0 165:69.0 166:139.0 167:165.0 168:184.0 169:530.0 170:223.0 171:515.0 172:634.0 173:409.0 174:726.0 175:104.0 176:40.0 177:14.0 178:79.0 179:127.0 180:202.0 181:377.0 182:214.0 183:272.0 184:297.0 185:176.0 186:59.0 187:42.0 188:61.0 189:27.0 190:15.0 191:61.0 192:11.0 193:27.0 194:92.0 195:107.0 196:129.0 197:198.0 198:253.0 199:88.0 200:18.0 201:1.0 202:5.0 204:19.0 205:183.0 206:246.0 207:140.0 208:180.0 209:87.0 210:206.0 211:223.0 212:85.0 213:41.0 214:21.0 215:24.0 220:117.0 221:385.0 222:307.0 223:269.0 224:273.0 225:144.0 226:83.0 227:47.0 228:13.0 229:13.0 230:1.0 231:4.0 232:8.0 233:5.0 234:22.0 235:99.0 236:446.0 237:341.0 238:1511.0 239:377.0 240:189.0 241:81.0 242:26.0 243:12.0 244:8.0 245:16.0 246:6.0 247:11.0 248:12.0 249:119.0 250:64.0 251:175.0 252:342.0 253:212.0 254:146.0 255:60.0 256:74.0 257:26.0 258:11.0 259:9.0 260:3.0 261:5.0 262:14.0 263:302.0 264:111.0 265:2079.0 266:414.0 267:189.0 268:118.0 269:197.0 270:68.0 271:21.0 272:17.0 273:15.0 274:4.0 275:2.0 276:6.0 277:123.0 278:1258.0 279:3884.0 280:1544.0 281:869.0 282:203.0 283:118.0 284:45.0 285:18.0 286:20.0 287:17.0 288:11.0 289:4.0 290:5.0 291:1.0 292:11.0 293:164.0 294:5060.0 295:2232.0 296:769.0 297:194.0 298:43.0 299:39.0 300:7.0 301:3.0 302:5.0 309:49.0 310:75.0 311:170.0 312:83.0 313:53.0 314:15.0 315:3.0 316:6.0 317:9.0 321:2.0 323:15.0 324:32.0 325:51.0 326:324.0 327:188.0 328:85.0 329:42.0 330:4.0 331:4.0 332:7.0 333:3.0 334:4.0 335:6.0 336:12.0 337:321.0 338:141.0 339:90.0 340:47.0 341:25.0 342:21.0 343:6.0 345:7.0 346:5.0 347:7.0 348:9.0 349:4.0 350:11.0 351:65.0 352:816.0 353:15914.0 354:6046.0 355:2707.0 356:589.0 357:136.0 358:33.0 359:21.0 360:31.0 361:49.0 362:51.0 363:36.0 364:32.0 365:32.0 366:31.0 367:676.0 368:5913.0 369:2348.0 370:974.0 371:212.0 372:40.0 373:7.0 374:12.0 375:4.0 376:4.0 377:4.0 378:8.0 381:1.0 382:1.0 391:1.0 392:4.0 396:4.0 399:3.0 401:3.0 409:2.0 410:2.0 411:2.0 412:4.0 413:3.0 425:2.0 426:3.0 427:5.0 428:4.0 430:3.0 435:3.0 439:2.0 440:7.0 442:7.0 443:7.0 447:3.0 450:2.0 451:4.0 456:1.0 457:1.0 458:3.0 459:3.0 465:2.0 468:6.0 470:2.0 480:3.0 481:1.0 482:9.0 483:1.0 484:2.0 485:2.0 488:1.0 489:2.0 490:1.0 492:1.0 496:2.0 497:1.0 498:7.0 499:2.0,C00385,1188,1,3,3,3,3,3,3,3,3,3,3,3,2,2,2,2,2,2,2,2,2
4,vanillic acid,86:29.0 87:206.0 88:68.0 89:2564.0 90:677.0 91:1584.0 92:744.0 93:641.0 94:105.0 95:630.0 96:36.0 97:658.0 98:1416.0 99:215.0 100:235.0 103:1969.0 104:754.0 105:723.0 106:154.0 107:1134.0 108:196.0 109:810.0 110:60.0 111:428.0 112:391.0 114:7.0 115:766.0 117:14170.0 118:1802.0 119:1666.0 120:570.0 121:1277.0 122:542.0 123:400.0 124:65.0 125:253.0 126:4592.0 127:442.0 129:1500.0 131:464.0 132:41.0 133:284.0 134:551.0 135:1406.0 136:253.0 137:2348.0 138:260.0 139:120.0 140:16.0 141:839.0 144:264.0 145:51.0 147:2223.0 148:541.0 149:1779.0 150:705.0 151:597.0 152:94.0 153:106.0 155:48.0 159:330.0 160:97.0 161:1.0 162:16.0 163:517.0 164:257.0 165:2073.0 166:329.0 167:139.0 168:6.0 169:1322.0 170:180.0 171:316.0 174:102.0 175:95.0 177:174.0 178:347.0 179:1068.0 180:527.0 181:179.0 182:28.0 183:27.0 184:37.0 185:95.0 186:1.0 187:94.0 188:76.0 189:19.0 192:45.0 193:2395.0 194:332.0 195:305.0 196:75.0 197:77.0 199:73.0 203:57.0 206:9.0 207:452.0 208:75.0 209:119.0 210:26.0 211:86.0 213:75.0 217:1373.0 218:372.0 221:666.0 222:159.0 223:5087.0 224:1066.0 225:411.0 226:49.0 227:1.0 231:14.0 232:35.0 233:31.0 235:8.0 236:8.0 237:183.0 238:53.0 239:120.0 240:30.0 241:11.0 243:161.0 245:7.0 248:8.0 251:13.0 252:56.0 253:3630.0 254:986.0 255:334.0 256:31.0 257:116.0 258:3.0 259:1052.0 260:754.0 261:228.0 262:84.0 265:3.0 266:42.0 267:5870.0 268:1565.0 269:592.0 270:83.0 271:78.0 274:5.0 278:8.0 280:6.0 281:81.0 282:2705.0 283:764.0 284:275.0 285:31.0 286:8.0 287:50.0 288:27.0 289:20.0 291:22.0 296:57.0 297:5799.0 298:1749.0 299:832.0 300:137.0 301:19.0 302:14.0 303:57.0 305:165.0 306:68.0 308:8.0 310:2.0 311:68.0 312:2668.0 313:708.0 314:260.0 315:73.0 316:22.0 317:12.0 320:17.0 326:1.0 328:3.0 332:9.0 333:118.0 334:56.0 335:38.0 337:5.0 338:3.0 339:1.0 343:5.0 347:31.0 348:20.0 349:20.0 350:326.0 351:122.0 352:35.0 357:14.0 361:220.0 362:101.0 363:50.0 364:27.0 366:3.0 367:11.0 368:20.0 370:7.0 373:5.0 375:9.0 377:1.0 383:3.0 385:6.0 386:8.0 391:17.0 393:18.0 394:17.0 395:2.0 396:1.0 398:7.0 401:10.0 402:12.0 405:6.0 406:1.0 408:10.0 412:2.0 413:6.0 414:8.0 415:4.0 418:5.0 419:9.0 421:41.0 422:471.0 423:281.0 424:155.0 425:45.0 426:31.0 428:9.0 429:3.0 431:5.0 438:10.0 439:18.0 440:7.0 441:6.0 442:11.0 443:4.0 444:1.0 445:8.0 446:2.0 448:3.0 450:10.0 451:41.0 452:8.0 453:8.0 454:1.0 455:10.0 458:3.0 459:11.0 460:5.0 462:12.0 465:4.0 466:5.0 468:6.0 469:13.0 470:7.0 471:1.0 472:19.0 473:5.0 477:3.0 478:10.0 479:9.0 480:6.0 481:8.0 482:3.0 485:2.0 486:7.0 488:7.0 489:1.0 491:1.0 495:7.0 499:13.0 500:8.0,C06672,8468,1,4,4,4,4,4,4,4,4,4,4,4,3,3,3,3,3,3,3,3,3
5,valine,85:2890.0 86:6277.0 87:2144.0 88:973.0 89:1205.0 90:330.0 91:41.0 93:282.0 94:122.0 95:85.0 96:863.0 97:524.0 98:2253.0 99:1293.0 100:37163.0 101:6236.0 102:3559.0 103:7105.0 104:926.0 105:1207.0 106:130.0 107:138.0 108:214.0 109:215.0 110:1081.0 111:193.0 112:2041.0 113:1006.0 114:4904.0 115:2949.0 116:1066.0 117:4339.0 118:1243.0 119:1681.0 120:260.0 121:159.0 122:45.0 123:37.0 124:99.0 125:87.0 126:494.0 127:141.0 128:6250.0 129:3826.0 130:5231.0 131:5229.0 132:6944.0 133:9353.0 134:1904.0 135:627.0 136:66.0 137:10.0 138:31.0 140:139.0 141:98.0 142:1882.0 143:1529.0 144:218957.0 145:29468.0 146:11338.0 147:58181.0 148:9575.0 149:5831.0 150:589.0 151:125.0 154:5.0 155:35.0 156:5041.0 157:1003.0 158:863.0 159:1023.0 160:1178.0 161:282.0 162:120.0 163:1252.0 164:169.0 165:253.0 166:20.0 168:6.0 169:3.0 170:61.0 171:59.0 172:241.0 173:75.0 174:943.0 175:287.0 176:117.0 177:312.0 178:37.0 179:228.0 180:34.0 181:9.0 184:364.0 185:217.0 186:165.0 187:49.0 188:73.0 189:159.0 190:63.0 191:1042.0 192:295.0 193:618.0 194:35.0 195:50.0 199:68.0 200:24.0 201:33.0 202:159.0 203:1449.0 204:165.0 205:456.0 206:85.0 207:1576.0 208:273.0 209:116.0 214:7.0 216:24.0 218:32796.0 219:7657.0 220:3087.0 221:619.0 222:98.0 228:40.0 230:116.0 231:5.0 232:29.0 233:12.0 235:107.0 236:41.0 241:4.0 245:46.0 246:1482.0 247:358.0 248:180.0 249:1558.0 250:416.0 251:462.0 252:72.0 253:21.0 260:19.0 261:25.0 263:3.0 264:19.0 265:1678.0 266:404.0 267:549.0 268:164.0 273:9.0 274:16.0 279:52.0 280:70.0 281:10082.0 282:2653.0 283:1725.0 284:309.0 285:77.0 288:8.0 293:4.0 303:1.0 333:8.0 334:10.0 347:10.0 351:3.0 352:7.0 353:6.0 354:40.0 356:10.0 368:26.0 369:1393.0 370:622.0 371:331.0 372:67.0 375:1.0 380:33.0 387:14.0 422:2.0 423:10.0 438:5.0 454:18.0 485:18.0,C00183,6287,1,5,5,5,5,5,5,5,5,5,5,5,4,4,4,4,4,4,4,4,4
6,uridine,99:55.0 100:209.0 101:11.0 103:264.0 116:81.0 117:137.0 123:10.0 124:100.0 126:103.0 127:239.0 129:297.0 133:262.0 140:7.0 142:53.0 143:102.0 145:31.0 146:223.0 147:535.0 152:29.0 153:7.0 154:78.0 156:356.0 157:34.0 158:89.0 161:26.0 174:242.0 175:72.0 176:13.0 177:72.0 179:52.0 180:95.0 181:4.0 185:33.0 189:24.0 193:98.0 197:2.0 198:7.0 200:17.0 203:33.0 204:17.0 206:3.0 211:23.0 214:11.0 215:181.0 216:44.0 217:3444.0 218:770.0 219:263.0 220:25.0 223:4.0 224:44.0 225:12.0 226:19.0 227:9.0 229:7.0 230:161.0 231:32.0 233:8.0 236:32.0 241:59.0 245:36.0 250:22.0 251:52.0 257:64.0 259:41.0 263:24.0 265:38.0 267:26.0 269:171.0 270:69.0 271:35.0 272:7.0 273:15.0 278:2.0 283:79.0 289:12.0 292:2.0 297:17.0 298:17.0 300:44.0 304:12.0 307:22.0 308:9.0 309:13.0 311:6.0 314:13.0 315:79.0 316:10.0 320:6.0 325:4.0 326:8.0 327:30.0 329:30.0 334:5.0 335:20.0 336:27.0 337:7.0 341:10.0 342:31.0 344:2.0 347:2.0 355:71.0 356:70.0 357:485.0 358:162.0 359:61.0 362:27.0 363:19.0 367:2.0 370:62.0 371:83.0 373:15.0 375:23.0 379:21.0 381:24.0 382:52.0 383:56.0 384:17.0 385:14.0 388:38.0 392:4.0 396:12.0 397:18.0 399:12.0 402:17.0 403:2.0 404:25.0 405:9.0 408:10.0 409:36.0 411:58.0 412:23.0 413:11.0 414:6.0 416:34.0 419:16.0 423:40.0 424:251.0 425:103.0 426:27.0 427:25.0 428:15.0 434:11.0 442:1.0 443:21.0 444:4.0 446:38.0 449:16.0 452:20.0 459:29.0 461:31.0 462:14.0 463:3.0 464:21.0 468:5.0 471:12.0 473:27.0 474:19.0 478:4.0 481:11.0 483:4.0 485:7.0 489:10.0 490:14.0 496:48.0 497:15.0 498:1.0 499:5.0 500:4.0,C02067,15047,1,6,6,6,0,6,6,6,6,6,6,6,5,5,5,5,5,5,5,5,5
7,uridine,85:2472.0 86:1478.0 87:1633.0 88:576.0 89:3553.0 90:421.0 91:253.0 92:172.0 93:316.0 94:534.0 95:1117.0 96:2472.0 97:1997.0 98:1743.0 99:16654.0 100:10368.0 101:8412.0 102:3218.0 103:20005.0 104:2189.0 105:1295.0 106:340.0 107:121.0 108:303.0 109:830.0 110:708.0 111:2286.0 112:998.0 113:4642.0 114:1083.0 115:4665.0 116:3572.0 117:7633.0 118:943.0 119:1514.0 120:357.0 121:254.0 122:176.0 123:233.0 124:640.0 125:952.0 126:3369.0 127:2045.0 128:888.0 129:12654.0 130:3218.0 131:6128.0 132:1563.0 133:11262.0 134:1761.0 135:1307.0 136:257.0 137:231.0 138:607.0 139:510.0 140:2383.0 141:1643.0 142:1927.0 143:6159.0 144:1175.0 145:2816.0 146:498.0 147:37853.0 148:8162.0 149:5951.0 150:1065.0 151:596.0 152:523.0 153:3957.0 154:1655.0 155:1912.0 156:1295.0 157:2539.0 158:667.0 159:977.0 160:306.0 161:266.0 162:132.0 163:961.0 164:162.0 165:110.0 166:317.0 167:3864.0 168:4276.0 169:24458.0 170:4246.0 171:2865.0 172:462.0 173:821.0 174:588.0 175:608.0 176:156.0 177:751.0 178:189.0 179:182.0 180:167.0 181:261.0 182:396.0 183:2555.0 184:986.0 185:4489.0 186:797.0 187:454.0 188:136.0 189:1598.0 190:347.0 191:3653.0 192:767.0 193:836.0 194:193.0 195:274.0 196:4873.0 197:1192.0 198:341.0 199:247.0 200:76.0 201:427.0 202:244.0 203:1228.0 204:1112.0 205:695.0 206:209.0 207:584.0 208:376.0 209:917.0 210:260.0 211:439.0 212:158.0 213:392.0 214:130.0 215:2382.0 216:674.0 217:31828.0 218:9631.0 219:3709.0 220:699.0 221:454.0 222:177.0 223:211.0 224:13375.0 225:2598.0 226:808.0 227:355.0 228:154.0 229:508.0 230:2369.0 231:1358.0 232:373.0 233:173.0 234:48.0 235:65.0 236:88.0 237:102.0 238:112.0 239:254.0 240:189.0 241:10277.0 242:2530.0 243:14885.0 244:3506.0 245:16717.0 246:3810.0 247:1633.0 248:261.0 249:142.0 250:66.0 251:88.0 252:86.0 253:64.0 254:72.0 255:1543.0 256:1016.0 257:10412.0 258:13585.0 259:6803.0 260:2085.0 261:767.0 262:166.0 263:459.0 264:94.0 265:137.0 266:6.0 267:131.0 268:26.0 269:187.0 270:151.0 271:161.0 272:88.0 273:37.0 274:28.0 275:27.0 276:26.0 277:9.0 278:5.0 279:13.0 280:24.0 281:114.0 282:57.0 283:779.0 284:234.0 285:929.0 286:925.0 287:347.0 288:140.0 289:44.0 290:58.0 291:84.0 292:49.0 293:26.0 294:12.0 295:63.0 296:55.0 297:76.0 298:107.0 299:1033.0 300:285.0 301:147.0 302:60.0 303:38.0 304:57.0 305:20.0 306:66.0 307:20.0 308:19.0 309:45.0 310:78.0 311:671.0 312:182.0 313:593.0 314:1160.0 315:4698.0 316:1344.0 317:523.0 318:162.0 319:253.0 320:107.0 321:25.0 322:19.0 323:235.0 324:90.0 325:79.0 326:114.0 327:75.0 328:47.0 329:147.0 330:114.0 331:70.0 332:25.0 333:125.0 334:35.0 336:11.0 337:133.0 338:19.0 339:230.0 340:59.0 341:89.0 342:45.0 343:33.0 344:16.0 345:29.0 346:43.0 347:40.0 348:1608.0 349:497.0 350:213.0 351:33.0 352:126.0 353:68.0 354:27.0 355:70.0 356:52.0 357:68.0 358:44.0 359:67.0 360:19.0 361:27.0 362:23.0 363:23.0 365:18.0 366:16.0 367:10.0 368:9.0 369:133.0 370:41.0 371:370.0 372:139.0 373:67.0 374:29.0 375:44.0 377:7.0 378:23.0 379:26.0 380:14.0 381:17.0 384:20.0 385:20.0 386:154.0 387:327.0 388:87.0 389:68.0 390:39.0 391:39.0 393:3.0 394:22.0 395:2.0 397:8.0 398:30.0 399:56.0 400:16.0 401:51.0 402:40.0 403:22.0 404:13.0 406:8.0 407:10.0 408:7.0 409:9.0 410:11.0 411:9.0 412:22.0 413:16.0 414:100.0 415:35.0 416:50.0 417:20.0 418:7.0 421:22.0 423:6.0 424:15.0 426:15.0 427:64.0 428:58.0 429:132.0 430:62.0 431:13.0 432:21.0 433:5.0 434:11.0 437:8.0 439:20.0 440:9.0 441:30.0 442:138.0 443:57.0 444:38.0 445:44.0 446:21.0 447:11.0 448:5.0 449:9.0 450:1.0 451:14.0 452:9.0 453:6.0 454:12.0 455:29.0 456:18.0 457:3.0 458:14.0 459:11.0 461:19.0 464:9.0 466:10.0 468:11.0 469:3.0 470:23.0 471:14.0 472:13.0 473:2.0 474:2.0 475:21.0 476:16.0 478:3.0 479:14.0 480:12.0 481:35.0 482:6.0 483:8.0 484:13.0 485:13.0 486:12.0 489:26.0 490:4.0 491:7.0 492:6.0 493:10.0 494:14.0 495:15.0 496:25.0 497:4.0 498:1.0 500:23.0,C00299,6029,1,7,7,7,7,7,7,7,7,7,7,7,,14,14,14,14,14,14,14,14
8,urea,85:882.0 86:747.0 87:2287.0 88:338.0 89:174.0 90:198.0 92:109.0 93:20.0 94:3.0 96:98.0 97:170.0 98:146.0 99:6930.0 100:3904.0 101:1056.0 102:541.0 103:369.0 104:86.0 105:448.0 106:296.0 107:326.0 108:154.0 109:4.0 110:237.0 111:427.0 112:59.0 113:414.0 114:630.0 115:732.0 116:412.0 117:435.0 118:152.0 119:54.0 120:1.0 124:3.0 125:8.0 126:31.0 127:85.0 128:20.0 129:66.0 130:2545.0 131:1620.0 132:1344.0 133:750.0 134:575.0 135:80.0 136:1.0 139:73.0 140:7.0 141:266.0 142:41.0 143:88.0 146:1712.0 147:23593.0 148:3749.0 149:1844.0 150:138.0 155:366.0 156:80.0 157:421.0 158:43.0 159:58.0 162:17.0 164:2.0 169:1.0 170:9.0 171:14826.0 172:2581.0 173:2300.0 174:292.0 175:102.0 176:7.0 184:71.0 186:605.0 187:86.0 188:69.0 189:9230.0 190:1581.0 191:664.0 192:53.0 204:247.0 205:38.0 206:9.0 208:3.0 210:1.0 212:2.0 219:4.0 221:4.0 225:1.0 229:1.0 231:1.0 233:3.0 239:2.0 241:5.0 251:5.0 261:2.0 266:1.0 273:1.0 277:1.0 280:1.0 282:2.0 285:1.0 289:1.0 290:7.0 294:2.0 301:2.0 304:2.0 305:1.0 307:2.0 310:1.0 312:1.0 317:1.0 325:2.0 330:1.0 331:1.0 334:1.0 336:2.0 337:2.0 339:5.0 343:2.0 347:1.0 351:4.0 354:2.0 355:8.0 356:1.0 361:1.0 362:1.0 363:3.0 366:2.0 371:1.0 372:5.0 375:3.0 380:1.0 381:1.0 382:3.0 388:4.0 389:1.0 392:1.0 393:3.0 395:2.0 397:6.0 398:3.0 400:2.0 401:1.0 405:4.0 409:2.0 410:2.0 412:1.0 414:2.0 417:1.0 423:1.0 425:3.0 426:2.0 431:2.0 438:1.0 439:1.0 449:2.0 458:1.0 461:3.0 462:3.0 464:2.0 466:1.0 471:3.0 478:1.0 489:5.0 490:1.0 491:1.0 496:1.0,C00086,1176,1,8,8,8,8,8,8,8,8,8,8,8,,15,15,15,15,15,15,15,15
9,tyrosine,86:117.0 91:15.0 92:34.0 98:39.0 100:1184.0 101:47.0 102:44.0 130:112.0 132:42.0 144:2.0 163:71.0 165:27.0 179:321.0 180:48.0 181:24.0 183:7.0 192:19.0 193:24.0 207:35.0 218:2929.0 219:549.0 220:248.0 267:29.0 280:207.0 281:83.0 354:13.0 380:5.0 497:9.0,C00082,6057,1,9,9,9,9,9,1,1,1,1,1,1,1,0,0,0,0,0,0,0,0
10,tyramine,85:309.0 86:3708.0 87:558.0 88:125.0 89:413.0 90:121.0 91:195.0 92:5.0 94:4.0 95:26.0 96:1.0 97:11.0 98:15.0 99:76.0 100:1633.0 101:282.0 102:254.0 103:481.0 104:63.0 105:96.0 106:14.0 107:13.0 109:14.0 111:40.0 113:53.0 114:35.0 115:51.0 116:201.0 117:548.0 118:60.0 119:67.0 120:8.0 121:35.0 123:7.0 125:21.0 127:24.0 129:196.0 130:278.0 131:397.0 132:76.0 133:309.0 134:19.0 135:100.0 137:23.0 138:27.0 139:10.0 140:26.0 141:9.0 142:11.0 143:23.0 144:83.0 145:51.0 146:46.0 147:418.0 148:58.0 149:276.0 150:28.0 151:61.0 153:5.0 154:6.0 155:14.0 157:43.0 158:71.0 159:134.0 160:55.0 161:36.0 162:40.0 163:173.0 164:89.0 165:90.0 166:6.0 167:3.0 169:24.0 170:26.0 171:84.0 172:72.0 173:62.0 174:7568.0 175:1449.0 176:560.0 177:128.0 178:37.0 179:287.0 180:43.0 181:7.0 183:12.0 184:2.0 185:1.0 186:4.0 187:5.0 188:42.0 189:230.0 190:101.0 193:76.0 194:5.0 195:20.0 196:3.0 197:14.0 199:4.0 201:8.0 204:267.0 205:221.0 206:40.0 207:80.0 208:3.0 209:3.0 211:1.0 212:2.0 214:5.0 215:58.0 217:52.0 218:3.0 219:24.0 220:123.0 221:87.0 222:19.0 223:35.0 224:11.0 225:4.0 229:11.0 231:2.0 232:7.0 233:4.0 236:5.0 237:11.0 238:4.0 239:16.0 240:2.0 241:3.0 243:15.0 244:3.0 246:2.0 247:13.0 248:26.0 249:6.0 250:89.0 251:26.0 253:4.0 254:4.0 255:2.0 257:1.0 258:7.0 261:6.0 263:16.0 264:98.0 265:27.0 266:13.0 268:5.0 271:5.0 273:1.0 275:14.0 276:20.0 277:1.0 279:4.0 282:1.0 284:2.0 285:26.0 286:4.0 287:15.0 289:2.0 290:1.0 293:8.0 295:4.0 296:5.0 298:5.0 300:1.0 301:5.0 303:28.0 304:11.0 307:2.0 308:5.0 310:10.0 312:1.0 313:9.0 314:2.0 315:2.0 317:2.0 318:7.0 319:53.0 320:20.0 321:3.0 322:1.0 323:3.0 324:2.0 325:2.0 329:1.0 330:4.0 331:7.0 332:4.0 333:2.0 335:2.0 337:2.0 338:217.0 339:72.0 340:29.0 341:11.0 342:17.0 343:3.0 345:13.0 346:9.0 347:2.0 348:2.0 349:10.0 351:4.0 352:10.0 353:5.0 355:16.0 359:8.0 360:15.0 361:6.0 367:1.0 368:6.0 370:7.0 371:2.0 373:5.0 376:13.0 378:11.0 379:10.0 380:3.0 381:3.0 384:10.0 385:6.0 387:5.0 388:1.0 389:9.0 390:2.0 391:4.0 392:4.0 393:7.0 394:11.0 396:6.0 397:10.0 398:7.0 399:10.0 402:1.0 405:3.0 409:4.0 411:4.0 413:1.0 414:4.0 416:13.0 417:8.0 419:8.0 421:2.0 422:8.0 423:7.0 424:1.0 426:6.0 428:6.0 429:17.0 431:7.0 433:4.0 434:4.0 435:3.0 438:5.0 441:1.0 443:6.0 444:6.0 445:4.0 446:9.0 448:3.0 449:9.0 450:3.0 453:6.0 454:3.0 456:7.0 457:1.0 458:2.0 460:2.0 462:2.0 465:1.0 466:4.0 467:3.0 468:2.0 469:4.0 471:2.0 473:6.0 475:3.0 476:6.0 477:7.0 478:1.0 481:5.0 487:3.0 488:1.0 489:5.0 491:5.0 493:1.0 496:1.0,C00483,5610,1,10,10,10,10,10,2,2,2,2,2,2,2,17,17,17,17,17,17,17,17
11,tryptophan,85:304.0 86:698.0 90:53.0 92:27.0 93:145.0 94:187.0 95:689.0 96:472.0 97:644.0 98:366.0 99:44.0 100:2470.0 101:857.0 102:1221.0 104:176.0 105:92.0 108:7.0 109:228.0 110:331.0 111:57.0 113:128.0 114:313.0 116:740.0 117:2998.0 118:694.0 119:176.0 121:150.0 122:62.0 123:155.0 124:146.0 125:24.0 126:6.0 128:510.0 129:2149.0 130:1200.0 131:521.0 132:1155.0 137:192.0 138:100.0 139:78.0 143:52.0 144:83.0 145:1160.0 146:184.0 150:130.0 151:3.0 152:51.0 154:25.0 156:209.0 157:87.0 158:459.0 159:315.0 160:71.0 162:11.0 166:49.0 170:492.0 171:290.0 172:941.0 173:141.0 174:41.0 178:1.0 179:57.0 180:16.0 183:482.0 184:60.0 185:313.0 186:425.0 187:169.0 188:581.0 190:119.0 194:124.0 196:24.0 198:31.0 199:302.0 200:1153.0 201:282.0 202:30960.0 203:6080.0 204:39.0 206:92.0 207:107.0 208:92.0 209:49.0 210:207.0 211:83.0 212:11.0 214:74.0 216:153.0 218:1507.0 219:374.0 220:87.0 222:49.0 226:182.0 227:126.0 228:176.0 229:215.0 230:509.0 231:522.0 232:23.0 233:78.0 234:45.0 235:8.0 236:24.0 241:52.0 242:27.0 244:36.0 245:42.0 248:28.0 249:163.0 250:16.0 252:66.0 253:30.0 255:92.0 256:51.0 259:196.0 260:99.0 263:54.0 265:3.0 266:92.0 268:22.0 271:8.0 272:27.0 273:44.0 275:127.0 276:285.0 277:53.0 278:222.0 279:82.0 280:28.0 281:50.0 284:77.0 286:28.0 288:89.0 289:63.0 290:230.0 291:2241.0 292:748.0 293:436.0 294:93.0 295:32.0 297:17.0 298:361.0 299:104.0 300:123.0 301:68.0 302:151.0 303:161.0 304:48.0 305:104.0 306:177.0 307:202.0 308:135.0 310:46.0 311:6.0 314:13.0 315:29.0 316:3.0 317:70.0 319:119.0 320:580.0 321:93.0 322:105.0 323:47.0 324:14.0 328:4.0 329:24.0 330:54.0 331:193.0 332:12.0 334:15.0 336:17.0 337:17.0 338:7.0 339:433.0 340:173.0 341:1.0 342:177.0 343:80.0 344:7.0 345:307.0 346:32.0 347:18.0 350:22.0 351:64.0 352:158.0 353:75.0 354:50.0 358:59.0 362:37.0 363:1.0 364:145.0 365:29.0 368:12.0 369:32.0 370:5.0 371:32.0 373:39.0 374:73.0 375:29.0 377:135.0 378:67.0 379:50.0 384:49.0 385:38.0 387:9.0 388:97.0 389:22.0 390:69.0 391:96.0 392:55.0 393:2.0 394:99.0 395:49.0 396:8.0 398:43.0 399:2.0 401:22.0 404:4.0 405:107.0 409:64.0 410:5.0 411:37.0 413:26.0 414:6.0 415:125.0 416:28.0 417:54.0 418:20.0 419:35.0 422:9.0 424:16.0 426:39.0 427:8.0 428:61.0 429:108.0 430:9.0 431:23.0 433:27.0 434:105.0 435:46.0 437:19.0 439:5.0 441:7.0 442:32.0 443:25.0 444:24.0 445:52.0 446:59.0 447:73.0 448:19.0 449:13.0 452:4.0 453:29.0 455:40.0 457:1.0 458:3.0 459:68.0 460:45.0 461:25.0 463:27.0 466:13.0 467:21.0 470:8.0 474:1.0 475:19.0 478:36.0 480:3.0 490:33.0 493:23.0 496:17.0 497:1.0 498:8.0 500:3.0,C00078,6305,0,11,11,11,11,11,3,3,3,3,3,3,3,18,18,18,18,18,18,18,18
12,triethanolamine,87:141.0 88:120.0 90:4.0 91:629.0 92:745.0 93:40.0 94:49.0 95:20.0 96:13.0 97:82.0 98:146.0 99:143.0 101:379.0 102:6.0 103:544.0 104:25.0 105:90.0 106:31.0 108:19.0 109:13.0 111:94.0 112:12.0 113:173.0 115:237.0 117:785.0 118:61.0 119:31.0 120:6.0 121:1.0 122:3.0 123:2.0 124:14.0 125:64.0 126:45.0 127:40.0 128:235.0 129:712.0 130:402.0 132:44.0 133:69.0 134:297.0 135:53.0 136:14.0 137:11.0 139:11.0 140:315.0 141:62.0 142:179.0 143:657.0 144:366.0 145:66.0 146:43.0 147:988.0 148:11.0 149:130.0 151:41.0 154:1.0 155:192.0 156:139.0 157:99.0 158:50.0 159:73.0 160:3.0 162:8.0 163:2.0 166:9.0 167:19.0 168:33.0 169:53.0 170:101.0 171:13.0 172:72.0 173:28.0 174:109.0 175:24.0 177:181.0 180:4.0 181:1.0 182:23.0 183:100.0 184:26.0 185:43.0 186:2.0 187:21.0 188:12.0 191:126.0 195:13.0 196:5.0 197:2.0 200:2.0 204:60.0 210:14.0 211:30.0 212:3.0 213:8.0 215:1309.0 216:140.0 217:1201.0 218:104.0 219:59.0 221:8.0 224:13.0 225:1.0 226:7.0 227:7.0 229:176.0 230:695.0 231:142.0 232:51.0 234:9.0 235:10.0 238:3.0 239:9.0 241:463.0 242:91.0 243:138.0 244:48.0 247:14.0 251:2.0 252:10.0 255:6.0 256:43.0 257:6.0 259:9.0 260:34.0 261:2.0 262:1888.0 263:423.0 264:165.0 266:2.0 268:11.0 269:23.0 270:10.0 271:22.0 272:24.0 273:46.0 275:4.0 276:7.0 277:6.0 280:1.0 281:5.0 284:11.0 286:15.0 287:2.0 288:11.0 289:2.0 290:7.0 291:8.0 293:6.0 294:1.0 299:7.0 300:14.0 309:4.0 310:10.0 312:15.0 313:10.0 314:12.0 315:4.0 316:9.0 317:14.0 318:15.0 319:45.0 320:10.0 322:6.0 323:7.0 324:8.0 326:23.0 327:5.0 328:5.0 329:6.0 330:13.0 331:1.0 332:3.0 333:1.0 334:7.0 335:3.0 337:1.0 339:3.0 340:3.0 342:2.0 343:5.0 344:10.0 345:31.0 346:14.0 348:17.0 350:107.0 351:55.0 352:12.0 353:5.0 354:6.0 355:1.0 358:8.0 359:10.0 360:10.0 362:4.0 363:12.0 364:5.0 365:4.0 366:1.0 367:19.0 368:8.0 369:13.0 370:11.0 371:12.0 372:6.0 373:8.0 374:7.0 375:6.0 376:2.0 377:5.0 378:13.0 379:6.0 381:12.0 382:9.0 384:3.0 385:5.0 386:1.0 387:3.0 388:15.0 389:23.0 391:3.0 392:8.0 393:13.0 394:6.0 396:3.0 397:5.0 398:7.0 399:14.0 403:5.0 405:3.0 406:12.0 407:1.0 408:8.0 409:6.0 411:4.0 412:1.0 413:16.0 414:7.0 416:18.0 417:1.0 418:5.0 419:1.0 420:20.0 421:3.0 422:8.0 423:15.0 424:13.0 425:26.0 426:10.0 427:6.0 428:10.0 429:15.0 430:7.0 431:18.0 432:8.0 434:8.0 435:9.0 436:1.0 437:6.0 438:4.0 439:30.0 440:1.0 441:10.0 442:2.0 443:5.0 444:1.0 445:9.0 446:14.0 448:8.0 449:23.0 450:2.0 451:4.0 452:19.0 453:6.0 454:9.0 455:1.0 456:3.0 457:3.0 458:30.0 459:23.0 460:10.0 462:16.0 463:2.0 464:13.0 466:6.0 467:3.0 468:6.0 469:26.0 470:4.0 471:15.0 472:4.0 473:1.0 474:5.0 475:1.0 476:14.0 477:10.0 480:14.0 481:18.0 483:8.0 484:12.0 485:5.0 486:1.0 488:16.0 489:3.0 490:6.0 491:16.0 492:5.0 493:6.0 494:6.0 495:3.0 496:11.0 497:12.0 498:6.0 499:3.0 500:1.0,C06771,7618,0,0,12,0,12,12,4,4,4,4,4,4,4,4,4,4,4,4,4,4,4
13,thymidine,85:7153.0 86:8926.0 87:3708.0 88:7362.0 89:6024.0 90:1590.0 91:699.0 93:2018.0 94:591.0 95:943.0 96:1105.0 97:2087.0 98:3001.0 100:4997.0 101:31665.0 102:1353.0 103:33604.0 104:2675.0 105:1992.0 107:16658.0 108:1690.0 109:1424.0 110:3042.0 111:12665.0 112:2100.0 113:17767.0 114:4317.0 115:8947.0 116:403.0 117:412.0 119:456.0 120:12.0 121:54.0 122:51.0 124:1079.0 125:5900.0 126:4009.0 129:10289.0 130:3247.0 131:3540.0 133:9893.0 134:8631.0 135:1331.0 137:766.0 138:247.0 139:627.0 140:17540.0 141:3127.0 142:7235.0 143:7566.0 145:335.0 146:182.0 147:32248.0 148:3942.0 149:932.0 150:30.0 151:187.0 152:262.0 154:1014.0 155:60616.0 156:10568.0 157:12722.0 161:124.0 162:3.0 166:44.0 169:66863.0 170:68126.0 171:12265.0 172:2488.0 173:363.0 174:4632.0 175:158.0 176:151.0 177:30.0 178:3.0 179:4.0 182:120.0 184:11125.0 185:340.0 186:543.0 187:79.0 189:267.0 193:4.0 194:1.0 196:2274.0 197:230.0 198:410.0 199:1031.0 203:58.0 205:110.0 207:34.0 208:3.0 211:9.0 212:76.0 213:1.0 215:573.0 217:2145.0 218:104.0 219:54.0 221:2.0 225:2.0 227:1.0 234:453.0 235:45.0 237:14.0 238:11.0 240:143.0 241:64.0 242:131.0 243:356.0 244:169.0 245:683.0 246:196.0 247:84.0 248:75.0 249:5.0 252:7.0 257:19.0 258:1231.0 259:276.0 260:396.0 261:196.0 262:123.0 263:12.0 264:8.0 265:15.0 267:31.0 268:2.0 271:5.0 272:27.0 273:114.0 274:112.0 275:18.0 276:28.0 277:23.0 281:1019.0 282:315.0 283:2.0 286:24.0 288:3.0 291:3.0 293:9.0 297:22.0 299:205.0 301:10.0 304:13.0 311:12.0 314:7.0 315:10.0 317:49.0 318:1.0 319:151.0 320:20.0 322:2.0 323:36.0 324:2.0 325:64.0 326:31.0 327:3.0 328:9.0 329:5.0 330:14.0 331:71.0 332:4.0 333:61.0 341:28.0 342:29.0 343:72.0 344:37.0 345:35.0 346:34.0 347:58.0 348:1.0 349:26.0 353:26.0 355:9.0 357:59.0 359:47.0 360:31.0 363:62.0 364:43.0 365:15.0 368:1.0 372:5.0 375:7.0 376:29.0 378:4.0 382:8.0 383:13.0 385:31.0 386:16.0 388:5.0 390:19.0 391:11.0 393:17.0 394:8.0 395:40.0 397:16.0 398:3.0 399:2.0 401:4.0 403:15.0 404:1.0 408:6.0 410:6.0 412:18.0 414:32.0 415:14.0 418:26.0 420:1.0 422:33.0 426:21.0 427:4.0 429:28.0 430:3.0 431:41.0 432:1.0 433:6.0 434:2.0 435:29.0 436:32.0 438:20.0 442:9.0 446:5.0 448:20.0 450:28.0 452:3.0 454:11.0 455:7.0 456:1.0 457:9.0 459:4.0 460:2.0 461:21.0 462:1.0 463:2.0 465:18.0 466:32.0 467:2.0 469:19.0 474:1.0 475:23.0 476:26.0 480:4.0 485:1.0 486:7.0 489:3.0 490:26.0 492:5.0 498:23.0,C00214,5789,0,13,13,13,13,13,5,5,5,5,5,5,5,5,5,5,5,5,5,5,5
14,threonine,85:1057.0 87:481.0 88:3056.0 90:500.0 91:217.0 93:804.0 98:1110.0 99:1042.0 100:4187.0 101:6269.0 102:1342.0 103:1910.0 104:152.0 108:1504.0 109:99.0 110:6622.0 111:426.0 112:202.0 113:6.0 114:1825.0 115:559.0 117:3180.0 118:537.0 119:1149.0 121:17.0 122:511.0 124:199.0 126:2257.0 127:1779.0 128:1718.0 129:2333.0 130:2650.0 131:249.0 132:1621.0 133:906.0 135:3.0 137:508.0 140:377.0 142:110.0 144:417.0 146:751.0 147:6310.0 148:2259.0 153:249.0 155:63.0 156:385.0 158:1268.0 159:128.0 160:82.0 161:37.0 162:199.0 163:23.0 166:169.0 167:24.0 168:68.0 169:96.0 170:344.0 171:2270.0 172:1180.0 173:410.0 174:397.0 175:17.0 176:149.0 177:1.0 187:199.0 188:236.0 189:1046.0 191:302.0 194:212.0 195:549.0 196:22.0 197:80.0 201:211.0 202:747.0 203:334.0 204:386.0 205:159.0 207:6.0 218:5439.0 219:5850.0 220:1285.0 222:630.0 223:68.0 228:3.0 230:137.0 231:54.0 240:189.0 242:15.0 249:123.0 254:101.0 257:111.0 262:61.0 263:241.0 264:355.0 265:124.0 276:6.0 278:20.0 281:79.0 282:93.0 291:1037.0 292:793.0 293:265.0 294:46.0 299:46.0 308:12.0 320:115.0 321:27.0 355:485.0 356:129.0 375:7.0 387:10.0 401:6.0 410:4.0 444:10.0 446:7.0 450:8.0 454:19.0 461:129.0 462:4.0 476:11.0 493:4.0,C00188,6288,0,14,14,14,14,14,14,14,14,14,14,14,14,14,14,14,14,14,14,14,14
15,threonic acid,85:127.0 86:19.0 87:195.0 88:80.0 89:736.0 90:41.0 99:137.0 101:471.0 102:2450.0 103:3189.0 104:403.0 105:135.0 113:94.0 115:206.0 116:97.0 117:3674.0 118:334.0 119:280.0 129:985.0 130:1952.0 131:1050.0 132:134.0 133:1806.0 134:89.0 135:19.0 138:1.0 143:476.0 145:9.0 147:10228.0 148:1518.0 149:1108.0 150:57.0 155:110.0 157:120.0 163:84.0 166:7.0 175:85.0 177:405.0 178:39.0 180:19.0 189:507.0 190:97.0 191:160.0 192:45.0 193:10.0 203:92.0 204:265.0 205:1916.0 206:237.0 207:160.0 208:8.0 217:1603.0 218:374.0 219:259.0 220:1943.0 221:646.0 222:211.0 223:30.0 224:2.0 245:310.0 246:26.0 247:35.0 274:11.0 277:71.0 278:29.0 291:242.0 292:2313.0 293:709.0 294:273.0 295:48.0 296:7.0 305:50.0 309:3.0 319:253.0 320:22.0 321:48.0 350:5.0 409:29.0 410:9.0 411:27.0 412:11.0 446:5.0 448:4.0 454:15.0 468:12.0,,,0,15,15,15,15,15,15,15,15,15,15,15,15,15,15,15,15,15,15,15,15
16,threitol,85:64.0 87:55.0 88:18.0 89:326.0 90:8.0 91:65.0 92:7.0 93:590.0 95:158.0 99:56.0 101:1014.0 102:45.0 103:2102.0 104:169.0 105:112.0 110:13.0 111:1.0 113:2.0 115:101.0 116:377.0 117:1375.0 118:138.0 119:84.0 127:3.0 129:383.0 130:28.0 131:441.0 132:20.0 133:828.0 134:97.0 135:27.0 141:1.0 142:4.0 143:142.0 145:21.0 147:3667.0 148:502.0 149:315.0 151:1.0 171:1.0 175:76.0 177:24.0 180:1.0 189:420.0 190:104.0 191:289.0 192:18.0 193:16.0 200:2.0 203:7.0 204:319.0 205:607.0 206:106.0 207:54.0 215:10.0 217:1210.0 218:233.0 219:80.0 221:65.0 228:102.0 229:2.0 231:15.0 233:38.0 245:44.0 258:1.0 277:10.0 290:1.0 293:29.0 294:2.0 295:2.0 299:1.0 307:101.0 308:10.0 318:1.0 340:1.0 370:1.0 389:1.0 405:1.0 432:5.0 445:3.0 496:13.0 498:3.0,n/a,169019,0,16,16,16,16,0,0,0,0,0,0,0,0,0,0,0,0,0,0,0,0
17,sulfuric acid,85:378.0 86:2331.0 87:897.0 88:651.0 89:1848.0 90:107.0 91:438.0 93:329.0 94:46.0 95:59.0 97:239.0 98:4089.0 99:186.0 100:728.0 101:378.0 102:641.0 103:2110.0 104:404.0 105:442.0 106:565.0 107:714.0 109:92.0 111:53.0 112:427.0 113:152.0 114:171.0 115:1284.0 116:182.0 117:613.0 118:396.0 119:179.0 120:152.0 123:93.0 128:427.0 129:94.0 130:3038.0 131:4206.0 132:1353.0 133:2433.0 134:394.0 135:643.0 136:43.0 139:721.0 140:58.0 141:6.0 142:144.0 144:67.0 145:276.0 146:206.0 147:74248.0 148:11597.0 149:5661.0 150:524.0 155:110.0 156:3.0 158:134.0 159:344.0 160:393.0 161:139.0 165:167.0 172:57.0 173:21.0 174:61.0 184:399.0 185:168.0 186:109.0 191:286.0 198:8.0 199:166.0 200:4.0 211:77.0 227:9254.0 228:1528.0 229:1127.0 230:98.0 281:40.0 369:2.0 409:14.0,C00059,1118,0,17,0,17,17,17,17,17,17,17,17,17,17,17,17,17,17,17,17,17,17
18,sucrose,89:358.0 95:80.0 99:163.0 100:35.0 101:375.0 102:178.0 103:6261.0 104:347.0 105:186.0 109:338.0 110:58.0 111:2.0 113:276.0 114:31.0 116:238.0 117:1417.0 118:41.0 119:193.0 128:70.0 129:5055.0 130:773.0 131:916.0 132:23.0 133:1123.0 134:19.0 135:273.0 139:95.0 141:100.0 142:210.0 143:790.0 144:115.0 145:104.0 147:6791.0 148:648.0 149:958.0 150:20.0 151:19.0 153:97.0 155:564.0 156:78.0 157:855.0 158:103.0 159:118.0 163:80.0 165:5.0 169:4515.0 170:545.0 171:270.0 172:6.0 173:96.0 175:34.0 177:35.0 178:61.0 181:47.0 183:206.0 184:41.0 185:53.0 189:783.0 190:160.0 191:1394.0 192:276.0 193:120.0 199:127.0 202:46.0 203:299.0 204:711.0 205:505.0 206:57.0 207:283.0 208:97.0 212:26.0 215:214.0 216:9.0 217:6450.0 218:1418.0 219:608.0 220:77.0 221:253.0 222:11.0 227:57.0 229:337.0 230:405.0 231:337.0 232:62.0 233:102.0 239:20.0 241:104.0 243:1359.0 244:284.0 245:313.0 246:107.0 247:31.0 248:16.0 249:64.0 253:36.0 255:52.0 257:336.0 258:19.0 259:162.0 261:22.0 265:59.0 267:28.0 269:13.0 271:1761.0 272:391.0 273:243.0 274:20.0 277:37.0 278:14.0 281:53.0 282:55.0 289:12.0 290:12.0 291:159.0 292:46.0 293:41.0 295:3.0 299:4.0 303:19.0 304:9.0 305:154.0 306:44.0 307:36.0 308:3.0 311:5.0 315:14.0 317:27.0 318:45.0 319:540.0 320:159.0 321:52.0 327:52.0 329:8.0 331:209.0 332:77.0 333:72.0 341:35.0 342:1.0 345:24.0 346:6.0 347:15.0 353:1.0 355:80.0 360:227.0 361:7588.0 362:2744.0 363:1251.0 364:327.0 365:64.0 366:2.0 388:1.0 401:52.0 403:7.0 406:6.0 415:16.0 416:4.0 417:32.0 429:15.0 431:8.0 435:12.0 436:149.0 437:831.0 438:390.0 439:226.0 440:49.0 441:3.0 450:26.0 451:269.0 452:200.0 453:103.0 454:36.0 463:19.0 475:20.0,C00089,5988,0,18,18,18,18,18,18,18,18,18,18,18,18,18,18,18,18,18,18,18,18
19,succinic acid,85:668.0 86:529.0 87:317.0 88:94.0 89:164.0 90:25.0 91:33.0 92:73.0 93:121.0 94:10.0 95:40.0 96:19.0 97:39.0 98:6.0 99:154.0 100:48.0 101:331.0 102:52.0 103:140.0 104:19.0 105:108.0 106:28.0 107:63.0 108:6.0 109:1.0 110:18.0 111:15.0 112:12.0 113:291.0 114:53.0 115:394.0 116:486.0 117:689.0 118:70.0 119:94.0 120:4.0 121:4.0 122:6.0 123:3.0 124:1.0 126:20.0 127:21.0 128:83.0 129:3177.0 130:695.0 131:781.0 132:39.0 133:1170.0 134:52.0 135:119.0 136:10.0 138:8.0 140:1.0 141:18.0 142:4.0 143:206.0 144:12.0 145:102.0 146:53.0 147:24628.0 148:3930.0 149:2098.0 150:189.0 151:65.0 152:9.0 153:3.0 154:1.0 155:9.0 156:36.0 157:122.0 158:9.0 159:2.0 161:1.0 162:2.0 163:27.0 165:6.0 166:2.0 172:879.0 173:450.0 174:4.0 175:71.0 176:3.0 178:3.0 180:1.0 184:19.0 185:25.0 186:20.0 190:58.0 191:38.0 192:3.0 193:2.0 196:7.0 197:3.0 198:7.0 199:1.0 201:7.0 203:73.0 204:16.0 205:5.0 206:1.0 207:5.0 208:1.0 209:1.0 210:2.0 211:1.0 212:2.0 213:3.0 214:3.0 215:4.0 217:81.0 218:121.0 219:83.0 220:11.0 221:4.0 226:2.0 228:5.0 230:5.0 233:4.0 234:4.0 236:2.0 238:6.0 242:5.0 245:2.0 247:1379.0 248:245.0 249:108.0 250:9.0 251:11.0 253:4.0 254:2.0 256:2.0 259:2.0 260:4.0 262:37.0 263:5.0 264:2.0 265:5.0 268:2.0 270:1.0 271:2.0 274:1.0 277:1.0 285:1.0 286:2.0 289:3.0 291:6.0 295:1.0 297:4.0 298:2.0 300:5.0 305:4.0 306:51.0 307:17.0 309:2.0 315:1.0 319:6.0 320:2.0 322:4.0 323:1.0 324:7.0 327:3.0 328:3.0 331:1.0 338:1.0 339:4.0 340:3.0 341:2.0 346:2.0 350:2.0 352:8.0 353:3.0 354:2.0 359:4.0 360:7.0 361:3.0 369:4.0 374:2.0 375:3.0 377:4.0 378:2.0 382:2.0 383:3.0 384:3.0 386:4.0 387:3.0 388:3.0 389:3.0 390:6.0 392:12.0 394:4.0 395:7.0 396:3.0 398:5.0 399:4.0 400:5.0 401:6.0 402:3.0 404:2.0 407:8.0 408:6.0 409:2.0 411:2.0 412:4.0 420:2.0 421:4.0 424:2.0 425:3.0 427:7.0 428:2.0 432:5.0 434:2.0 435:2.0 436:5.0 441:1.0 444:7.0 446:1.0 447:1.0 448:2.0 450:1.0 454:1.0 457:2.0 458:3.0 460:5.0 461:2.0 462:4.0 464:3.0 466:4.0 467:1.0 471:1.0 472:2.0 473:1.0 474:4.0 478:3.0 480:1.0 482:3.0 483:1.0 484:1.0 485:5.0 487:1.0 490:1.0 491:1.0 493:1.0 494:3.0 495:3.0 497:7.0 498:1.0 499:3.0,C00042,1110,0,19,19,19,19,19,19,19,19,19,19,19,19,19,19,19,19,19,19,19,19
20,stearic acid,85:700.0 86:253.0 87:125.0 88:82.0 89:447.0 90:48.0 91:171.0 92:25.0 93:426.0 94:40.0 95:1020.0 96:117.0 97:1024.0 98:749.0 99:386.0 100:49.0 101:187.0 102:22.0 105:450.0 106:48.0 107:188.0 108:13.0 109:271.0 110:45.0 111:412.0 112:177.0 113:76.0 114:7.0 115:100.0 116:947.0 117:16820.0 118:1585.0 119:678.0 120:23.0 121:138.0 122:16.0 123:71.0 124:16.0 125:94.0 126:45.0 127:79.0 128:37.0 129:7299.0 130:922.0 131:2322.0 132:6198.0 133:1200.0 134:270.0 135:99.0 136:9.0 137:9.0 138:16.0 139:36.0 140:22.0 141:52.0 142:5.0 143:471.0 144:53.0 145:3620.0 146:435.0 147:90.0 148:23.0 151:6.0 152:2.0 153:30.0 154:45.0 155:20.0 156:1.0 157:120.0 158:25.0 159:298.0 160:29.0 161:8.0 163:5.0 165:3.0 167:22.0 168:18.0 169:10.0 170:3.0 171:256.0 172:27.0 173:65.0 174:24.0 176:3.0 178:10.0 179:5.0 180:3.0 181:13.0 182:4.0 183:3.0 185:345.0 186:52.0 187:218.0 188:70.0 190:1.0 191:6.0 193:6.0 194:7.0 195:1.0 196:5.0 197:9.0 198:6.0 199:80.0 200:3.0 201:569.0 202:92.0 203:32.0 207:39.0 209:11.0 210:18.0 211:3.0 212:2.0 213:58.0 214:22.0 215:80.0 216:12.0 217:3.0 219:6.0 222:10.0 223:36.0 224:11.0 225:3.0 226:1.0 227:71.0 228:28.0 229:32.0 230:5.0 234:1.0 237:6.0 238:7.0 239:12.0 241:76.0 242:14.0 243:69.0 244:24.0 245:7.0 246:6.0 251:7.0 254:3.0 255:48.0 256:1.0 257:112.0 258:24.0 259:7.0 261:8.0 262:4.0 264:4.0 266:3.0 267:1.0 269:20.0 270:5.0 271:37.0 272:6.0 274:1.0 275:1.0 276:1.0 278:1.0 280:3.0 281:11.0 282:2.0 283:16.0 284:2.0 285:26.0 286:7.0 287:2.0 288:5.0 289:1.0 291:2.0 292:3.0 293:4.0 296:3.0 297:108.0 298:28.0 299:44.0 300:19.0 301:2.0 303:6.0 304:3.0 310:2.0 311:6.0 312:2.0 313:109.0 314:50.0 315:19.0 316:1.0 317:2.0 320:7.0 323:15.0 327:13.0 328:17.0 330:1.0 331:1.0 332:3.0 334:3.0 336:1.0 337:1.0 339:16.0 340:74.0 341:1836.0 342:838.0 343:224.0 344:38.0 345:2.0 346:8.0 347:5.0 349:2.0 350:2.0 351:5.0 352:1.0 353:14.0 355:2.0 356:165.0 357:88.0 358:13.0 359:2.0 362:3.0 365:4.0 366:9.0 367:3.0 369:8.0 370:2.0 373:1.0 374:1.0 375:3.0 376:1.0 377:2.0 378:1.0 379:1.0 380:6.0 381:1.0 382:3.0 384:6.0 385:5.0 386:2.0 388:1.0 391:5.0 395:3.0 397:3.0 398:4.0 399:2.0 400:4.0 401:3.0 402:7.0 406:8.0 409:1.0 410:1.0 412:4.0 415:1.0 421:1.0 422:7.0 424:1.0 425:6.0 426:3.0 430:4.0 431:2.0 432:3.0 434:2.0 435:4.0 436:1.0 437:1.0 438:2.0 439:3.0 440:4.0 443:1.0 445:9.0 446:1.0 447:3.0 448:1.0 449:4.0 450:1.0 451:6.0 452:5.0 453:5.0 454:8.0 455:2.0 460:1.0 462:2.0 467:6.0 470:8.0 472:7.0 479:1.0 485:2.0 487:1.0 490:1.0 496:1.0 497:1.0 500:3.0,C01530,5281,0,20,20,20,20,20,20,20,20,20,20,20,20,20,20,20,20,20,20,20,20
